Attachment ID,Old Attachment Id,Attachment Owner ID,Modified by ID,Created by ID,Created Time,Modified Time,File Name,Size,Parent ID,Documents,Link URL,Field Id
















































































































































































































































































































































































































































































































































































































































